STATION_ID,STATION_LOCATION,STATE_NAME,LATITUDE,LONGITUDE,API,CLASS,HOUR_MYT,TEMPERATURE_C,RAIN_FORECAST_SLOTS,HOTSPOT_COUNT,FRP_MW_MEAN,FRP_MW_MAX,HIGH_CONF_COUNT,HOTSPOT_COUNT_100KM,FRP_MW_MEAN_100KM,FRP_MW_MAX_100KM,HIGH_CONF_COUNT_100KM,DATA_FLAG
CA01R,"Kangar, PERLIS",Perlis,6.429928,100.210937,55.0,Moderate,2026-05-06 19:00:00,27.0,10.0,0.0,0.0,0.0,0.0,0.0,0.0,0.0,0.0,
CA01R,"Kangar, PERLIS",Perlis,6.429928,100.210937,54.0,Moderate,2026-05-07 09:00:00,29.0,0.0,0.0,0.0,0.0,0.0,0.0,0.0,0.0,0.0,
CA01R,"Kangar, PERLIS",Perlis,6.429928,100.210937,54.0,Moderate,2026-05-07 10:00:00,30.0,5.0,0.0,0.0,0.0,0.0,0.0,0.0,0.0,0.0,
CA01R,"Kangar, PERLIS",Perlis,6.429928,100.210937,55.0,Moderate,2026-05-07 11:00:00,32.0,15.0,0.0,0.0,0.0,0.0,0.0,0.0,0.0,0.0,
CA02K,"Langkawi, KEDAH",Kedah,6.331608,99.858461,52.0,Moderate,2026-05-06 19:00:00,29.0,9.0,0.0,0.0,0.0,0.0,0.0,0.0,0.0,0.0,
CA02K,"Langkawi, KEDAH",Kedah,6.331608,99.858461,46.0,Good,2026-05-07 09:00:00,30.0,0.0,0.0,0.0,0.0,0.0,0.0,0.0,0.0,0.0,
CA02K,"Langkawi, KEDAH",Kedah,6.331608,99.858461,49.0,Good,2026-05-07 10:00:00,32.0,3.0,0.0,0.0,0.0,0.0,0.0,0.0,0.0,0.0,
CA02K,"Langkawi, KEDAH",Kedah,6.331608,99.858461,50.0,Good,2026-05-07 11:00:00,33.0,8.0,0.0,0.0,0.0,0.0,0.0,0.0,0.0,0.0,
CA03K,"Alor Setar, KEDAH",Kedah,6.13713,100.346857,56.0,Moderate,2026-05-06 19:00:00,29.0,9.0,0.0,0.0,0.0,0.0,0.0,0.0,0.0,0.0,
CA03K,"Alor Setar, KEDAH",Kedah,6.13713,100.346857,56.0,Moderate,2026-05-07 09:00:00,30.0,0.0,0.0,0.0,0.0,0.0,0.0,0.0,0.0,0.0,
CA03K,"Alor Setar, KEDAH",Kedah,6.13713,100.346857,56.0,Moderate,2026-05-07 10:00:00,32.0,3.0,0.0,0.0,0.0,0.0,0.0,0.0,0.0,0.0,
CA03K,"Alor Setar, KEDAH",Kedah,6.13713,100.346857,55.0,Moderate,2026-05-07 11:00:00,33.0,8.0,0.0,0.0,0.0,0.0,0.0,0.0,0.0,0.0,
CA04K,"Sungai Petani, KEDAH",Kedah,5.629709,100.46771,56.0,Moderate,2026-05-06 19:00:00,29.0,9.0,0.0,0.0,0.0,0.0,0.0,0.0,0.0,0.0,
CA04K,"Sungai Petani, KEDAH",Kedah,5.629709,100.46771,58.0,Moderate,2026-05-07 09:00:00,30.0,0.0,0.0,0.0,0.0,0.0,0.0,0.0,0.0,0.0,
CA04K,"Sungai Petani, KEDAH",Kedah,5.629709,100.46771,58.0,Moderate,2026-05-07 10:00:00,32.0,3.0,0.0,0.0,0.0,0.0,0.0,0.0,0.0,0.0,
CA04K,"Sungai Petani, KEDAH",Kedah,5.629709,100.46771,58.0,Moderate,2026-05-07 11:00:00,33.0,8.0,0.0,0.0,0.0,0.0,0.0,0.0,0.0,0.0,
CA05K,"Kulim Hi-Tech, KEDAH",Kedah,5.401634,100.589653,51.0,Moderate,2026-05-06 19:00:00,29.0,9.0,0.0,0.0,0.0,0.0,0.0,0.0,0.0,0.0,
CA05K,"Kulim Hi-Tech, KEDAH",Kedah,5.401634,100.589653,42.0,Good,2026-05-07 09:00:00,30.0,0.0,0.0,0.0,0.0,0.0,0.0,0.0,0.0,0.0,
CA05K,"Kulim Hi-Tech, KEDAH",Kedah,5.401634,100.589653,40.0,Good,2026-05-07 10:00:00,32.0,3.0,0.0,0.0,0.0,0.0,0.0,0.0,0.0,0.0,
CA05K,"Kulim Hi-Tech, KEDAH",Kedah,5.401634,100.589653,40.0,Good,2026-05-07 11:00:00,33.0,8.0,0.0,0.0,0.0,0.0,0.0,0.0,0.0,0.0,
CA06P,"Seberang Jaya, PULAU PINANG",Pulau Pinang,5.398419,100.403976,52.0,Moderate,2026-05-06 19:00:00,29.0,13.0,0.0,0.0,0.0,0.0,0.0,0.0,0.0,0.0,
CA06P,"Seberang Jaya, PULAU PINANG",Pulau Pinang,5.398419,100.403976,54.0,Moderate,2026-05-07 09:00:00,30.0,0.0,0.0,0.0,0.0,0.0,0.0,0.0,0.0,0.0,
CA06P,"Seberang Jaya, PULAU PINANG",Pulau Pinang,5.398419,100.403976,53.0,Moderate,2026-05-07 10:00:00,31.0,0.0,0.0,0.0,0.0,0.0,0.0,0.0,0.0,0.0,
CA06P,"Seberang Jaya, PULAU PINANG",Pulau Pinang,5.398419,100.403976,54.0,Moderate,2026-05-07 11:00:00,31.0,0.0,0.0,0.0,0.0,0.0,0.0,0.0,0.0,0.0,
CA07P,"Seberang Perai, PULAU PINANG",Pulau Pinang,5.329421,100.443457,58.0,Moderate,2026-05-06 19:00:00,29.0,13.0,0.0,0.0,0.0,0.0,0.0,0.0,0.0,0.0,
CA07P,"Seberang Perai, PULAU PINANG",Pulau Pinang,5.329421,100.443457,57.0,Moderate,2026-05-07 09:00:00,30.0,0.0,0.0,0.0,0.0,0.0,0.0,0.0,0.0,0.0,
CA07P,"Seberang Perai, PULAU PINANG",Pulau Pinang,5.329421,100.443457,57.0,Moderate,2026-05-07 10:00:00,31.0,0.0,0.0,0.0,0.0,0.0,0.0,0.0,0.0,0.0,
CA07P,"Seberang Perai, PULAU PINANG",Pulau Pinang,5.329421,100.443457,57.0,Moderate,2026-05-07 11:00:00,31.0,0.0,0.0,0.0,0.0,0.0,0.0,0.0,0.0,0.0,
CA08P,"Minden, PULAU PINANG",Pulau Pinang,5.356226,100.30794,40.0,Good,2026-05-06 19:00:00,29.0,13.0,0.0,0.0,0.0,0.0,0.0,0.0,0.0,0.0,
CA08P,"Minden, PULAU PINANG",Pulau Pinang,5.356226,100.30794,55.0,Moderate,2026-05-07 09:00:00,30.0,0.0,0.0,0.0,0.0,0.0,0.0,0.0,0.0,0.0,
CA08P,"Minden, PULAU PINANG",Pulau Pinang,5.356226,100.30794,55.0,Moderate,2026-05-07 10:00:00,31.0,0.0,0.0,0.0,0.0,0.0,0.0,0.0,0.0,0.0,
CA08P,"Minden, PULAU PINANG",Pulau Pinang,5.356226,100.30794,55.0,Moderate,2026-05-07 11:00:00,31.0,0.0,0.0,0.0,0.0,0.0,0.0,0.0,0.0,0.0,
CA09P,"Balik Pulau, PULAU PINANG",Pulau Pinang,5.337128,100.216642,31.0,Good,2026-05-06 19:00:00,29.0,13.0,0.0,0.0,0.0,0.0,0.0,0.0,0.0,0.0,
CA09P,"Balik Pulau, PULAU PINANG",Pulau Pinang,5.337128,100.216642,34.0,Good,2026-05-07 09:00:00,30.0,0.0,0.0,0.0,0.0,0.0,0.0,0.0,0.0,0.0,
CA09P,"Balik Pulau, PULAU PINANG",Pulau Pinang,5.337128,100.216642,34.0,Good,2026-05-07 10:00:00,31.0,0.0,0.0,0.0,0.0,0.0,0.0,0.0,0.0,0.0,
CA09P,"Balik Pulau, PULAU PINANG",Pulau Pinang,5.337128,100.216642,35.0,Good,2026-05-07 11:00:00,31.0,0.0,0.0,0.0,0.0,0.0,0.0,0.0,0.0,0.0,
CA10A,"Taiping, PERAK",Perak,4.898865,100.679133,54.0,Moderate,2026-05-06 19:00:00,27.0,1.0,0.0,0.0,0.0,0.0,0.0,0.0,0.0,0.0,
CA10A,"Taiping, PERAK",Perak,4.898865,100.679133,54.0,Moderate,2026-05-07 09:00:00,28.0,0.0,0.0,0.0,0.0,0.0,0.0,0.0,0.0,0.0,
CA10A,"Taiping, PERAK",Perak,4.898865,100.679133,55.0,Moderate,2026-05-07 10:00:00,30.0,1.0,0.0,0.0,0.0,0.0,0.0,0.0,0.0,0.0,
CA10A,"Taiping, PERAK",Perak,4.898865,100.679133,55.0,Moderate,2026-05-07 11:00:00,32.0,9.0,0.0,0.0,0.0,0.0,0.0,0.0,0.0,0.0,
CA11A,"Tasek Ipoh, PERAK",Perak,4.629462,101.116669,56.0,Moderate,2026-05-06 19:00:00,27.0,1.0,0.0,0.0,0.0,0.0,0.0,0.0,0.0,0.0,
CA11A,"Tasek Ipoh, PERAK",Perak,4.629462,101.116669,56.0,Moderate,2026-05-07 09:00:00,28.0,0.0,0.0,0.0,0.0,0.0,0.0,0.0,0.0,0.0,
CA11A,"Tasek Ipoh, PERAK",Perak,4.629462,101.116669,55.0,Moderate,2026-05-07 10:00:00,30.0,1.0,0.0,0.0,0.0,0.0,0.0,0.0,0.0,0.0,
CA11A,"Tasek Ipoh, PERAK",Perak,4.629462,101.116669,56.0,Moderate,2026-05-07 11:00:00,32.0,9.0,0.0,0.0,0.0,0.0,0.0,0.0,0.0,0.0,
CA12A,"Pegoh Ipoh, PERAK",Perak,4.553367,101.080261,54.0,Moderate,2026-05-06 19:00:00,27.0,1.0,0.0,0.0,0.0,0.0,0.0,0.0,0.0,0.0,
CA12A,"Pegoh Ipoh, PERAK",Perak,4.553367,101.080261,59.0,Moderate,2026-05-07 09:00:00,28.0,0.0,0.0,0.0,0.0,0.0,0.0,0.0,0.0,0.0,
CA12A,"Pegoh Ipoh, PERAK",Perak,4.553367,101.080261,59.0,Moderate,2026-05-07 10:00:00,30.0,1.0,0.0,0.0,0.0,0.0,0.0,0.0,0.0,0.0,
CA12A,"Pegoh Ipoh, PERAK",Perak,4.553367,101.080261,59.0,Moderate,2026-05-07 11:00:00,32.0,9.0,0.0,0.0,0.0,0.0,0.0,0.0,0.0,0.0,
CA13A,"Seri Manjung, PERAK",Perak,4.200385,100.663346,54.0,Moderate,2026-05-06 19:00:00,27.0,1.0,0.0,0.0,0.0,0.0,0.0,0.0,0.0,0.0,
CA13A,"Seri Manjung, PERAK",Perak,4.200385,100.663346,52.0,Moderate,2026-05-07 09:00:00,28.0,0.0,0.0,0.0,0.0,0.0,0.0,0.0,0.0,0.0,
CA13A,"Seri Manjung, PERAK",Perak,4.200385,100.663346,52.0,Moderate,2026-05-07 10:00:00,30.0,1.0,0.0,0.0,0.0,0.0,0.0,0.0,0.0,0.0,
CA13A,"Seri Manjung, PERAK",Perak,4.200385,100.663346,53.0,Moderate,2026-05-07 11:00:00,32.0,9.0,0.0,0.0,0.0,0.0,0.0,0.0,0.0,0.0,
CA14A,"Tanjung Malim, PERAK",Perak,3.687721,101.524446,52.0,Moderate,2026-05-06 19:00:00,27.0,1.0,0.0,0.0,0.0,0.0,0.0,0.0,0.0,0.0,
CA14A,"Tanjung Malim, PERAK",Perak,3.687721,101.524446,43.0,Good,2026-05-07 09:00:00,28.0,0.0,0.0,0.0,0.0,0.0,0.0,0.0,0.0,0.0,
CA14A,"Tanjung Malim, PERAK",Perak,3.687721,101.524446,43.0,Good,2026-05-07 10:00:00,30.0,1.0,0.0,0.0,0.0,0.0,0.0,0.0,0.0,0.0,
CA14A,"Tanjung Malim, PERAK",Perak,3.687721,101.524446,43.0,Good,2026-05-07 11:00:00,32.0,9.0,0.0,0.0,0.0,0.0,0.0,0.0,0.0,0.0,
CA15W,"Batu Muda, W.P. KUALA LUMPUR",WP Kuala Lumpur,3.212429,101.682218,62.0,Moderate,2026-05-06 19:00:00,26.0,8.0,0.0,0.0,0.0,0.0,0.0,0.0,0.0,0.0,
CA15W,"Batu Muda, W.P. KUALA LUMPUR",WP Kuala Lumpur,3.212429,101.682218,62.0,Moderate,2026-05-07 09:00:00,29.0,7.0,0.0,0.0,0.0,0.0,0.0,0.0,0.0,0.0,
CA15W,"Batu Muda, W.P. KUALA LUMPUR",WP Kuala Lumpur,3.212429,101.682218,63.0,Moderate,2026-05-07 10:00:00,31.0,10.0,0.0,0.0,0.0,0.0,0.0,0.0,0.0,0.0,
CA15W,"Batu Muda, W.P. KUALA LUMPUR",WP Kuala Lumpur,3.212429,101.682218,61.0,Moderate,2026-05-07 11:00:00,32.0,10.0,0.0,0.0,0.0,0.0,0.0,0.0,0.0,0.0,
CA16W,"Cheras, W.P. KUALA LUMPUR",WP Kuala Lumpur,3.10626,101.717931,62.0,Moderate,2026-05-06 19:00:00,26.0,8.0,0.0,0.0,0.0,0.0,0.0,0.0,0.0,0.0,
CA16W,"Cheras, W.P. KUALA LUMPUR",WP Kuala Lumpur,3.10626,101.717931,60.0,Moderate,2026-05-07 09:00:00,29.0,7.0,0.0,0.0,0.0,0.0,0.0,0.0,0.0,0.0,
CA16W,"Cheras, W.P. KUALA LUMPUR",WP Kuala Lumpur,3.10626,101.717931,60.0,Moderate,2026-05-07 10:00:00,31.0,10.0,0.0,0.0,0.0,0.0,0.0,0.0,0.0,0.0,
CA16W,"Cheras, W.P. KUALA LUMPUR",WP Kuala Lumpur,3.10626,101.717931,59.0,Moderate,2026-05-07 11:00:00,32.0,10.0,0.0,0.0,0.0,0.0,0.0,0.0,0.0,0.0,
CA17W,"Putrajaya, W.P. PUTRAJAYA",WP Putrajaya,2.915793,101.690946,68.0,Moderate,2026-05-06 19:00:00,29.0,3.0,0.0,0.0,0.0,0.0,0.0,0.0,0.0,0.0,
CA17W,"Putrajaya, W.P. PUTRAJAYA",WP Putrajaya,2.915793,101.690946,67.0,Moderate,2026-05-07 09:00:00,31.0,0.0,0.0,0.0,0.0,0.0,0.0,0.0,0.0,0.0,
CA17W,"Putrajaya, W.P. PUTRAJAYA",WP Putrajaya,2.915793,101.690946,67.0,Moderate,2026-05-07 10:00:00,32.0,5.0,0.0,0.0,0.0,0.0,0.0,0.0,0.0,0.0,
CA17W,"Putrajaya, W.P. PUTRAJAYA",WP Putrajaya,2.915793,101.690946,67.0,Moderate,2026-05-07 11:00:00,32.0,6.0,0.0,0.0,0.0,0.0,0.0,0.0,0.0,0.0,
CA18B,"Kuala Selangor, SELANGOR",Selangor,3.321362,101.256249,56.0,Moderate,2026-05-06 19:00:00,26.0,8.0,0.0,0.0,0.0,0.0,0.0,0.0,0.0,0.0,
CA18B,"Kuala Selangor, SELANGOR",Selangor,3.321362,101.256249,63.0,Moderate,2026-05-07 09:00:00,29.0,7.0,0.0,0.0,0.0,0.0,0.0,0.0,0.0,0.0,
CA18B,"Kuala Selangor, SELANGOR",Selangor,3.321362,101.256249,64.0,Moderate,2026-05-07 10:00:00,31.0,10.0,0.0,0.0,0.0,0.0,0.0,0.0,0.0,0.0,
CA18B,"Kuala Selangor, SELANGOR",Selangor,3.321362,101.256249,66.0,Moderate,2026-05-07 11:00:00,32.0,10.0,0.0,0.0,0.0,0.0,0.0,0.0,0.0,0.0,
CA19B,"Petaling Jaya, SELANGOR",Selangor,3.130875,101.60868,64.0,Moderate,2026-05-06 19:00:00,26.0,8.0,0.0,0.0,0.0,0.0,0.0,0.0,0.0,0.0,
CA19B,"Petaling Jaya, SELANGOR",Selangor,3.130875,101.60868,66.0,Moderate,2026-05-07 09:00:00,29.0,7.0,0.0,0.0,0.0,0.0,0.0,0.0,0.0,0.0,
CA19B,"Petaling Jaya, SELANGOR",Selangor,3.130875,101.60868,66.0,Moderate,2026-05-07 10:00:00,31.0,10.0,0.0,0.0,0.0,0.0,0.0,0.0,0.0,0.0,
CA19B,"Petaling Jaya, SELANGOR",Selangor,3.130875,101.60868,65.0,Moderate,2026-05-07 11:00:00,32.0,10.0,0.0,0.0,0.0,0.0,0.0,0.0,0.0,0.0,
CA20B,"Shah Alam, SELANGOR",Selangor,3.10475,101.556192,69.0,Moderate,2026-05-06 19:00:00,26.0,8.0,0.0,0.0,0.0,0.0,0.0,0.0,0.0,0.0,
CA20B,"Shah Alam, SELANGOR",Selangor,3.10475,101.556192,67.0,Moderate,2026-05-07 09:00:00,29.0,7.0,0.0,0.0,0.0,0.0,0.0,0.0,0.0,0.0,
CA20B,"Shah Alam, SELANGOR",Selangor,3.10475,101.556192,67.0,Moderate,2026-05-07 10:00:00,31.0,10.0,0.0,0.0,0.0,0.0,0.0,0.0,0.0,0.0,
CA20B,"Shah Alam, SELANGOR",Selangor,3.10475,101.556192,67.0,Moderate,2026-05-07 11:00:00,32.0,10.0,0.0,0.0,0.0,0.0,0.0,0.0,0.0,0.0,
CA21B,"Klang, SELANGOR",Selangor,3.014899,101.413136,74.0,Moderate,2026-05-06 19:00:00,26.0,8.0,0.0,0.0,0.0,0.0,0.0,0.0,0.0,0.0,
CA21B,"Klang, SELANGOR",Selangor,3.014899,101.413136,71.0,Moderate,2026-05-07 09:00:00,29.0,7.0,0.0,0.0,0.0,0.0,0.0,0.0,0.0,0.0,
CA21B,"Klang, SELANGOR",Selangor,3.014899,101.413136,70.0,Moderate,2026-05-07 10:00:00,31.0,10.0,0.0,0.0,0.0,0.0,0.0,0.0,0.0,0.0,
CA21B,"Klang, SELANGOR",Selangor,3.014899,101.413136,69.0,Moderate,2026-05-07 11:00:00,32.0,10.0,0.0,0.0,0.0,0.0,0.0,0.0,0.0,0.0,
CA22B,"Banting, SELANGOR",Selangor,2.816668,101.623043,65.0,Moderate,2026-05-06 19:00:00,26.0,8.0,0.0,0.0,0.0,0.0,0.0,0.0,0.0,0.0,
CA22B,"Banting, SELANGOR",Selangor,2.816668,101.623043,62.0,Moderate,2026-05-07 09:00:00,29.0,7.0,0.0,0.0,0.0,0.0,0.0,0.0,0.0,0.0,
CA22B,"Banting, SELANGOR",Selangor,2.816668,101.623043,63.0,Moderate,2026-05-07 10:00:00,31.0,10.0,0.0,0.0,0.0,0.0,0.0,0.0,0.0,0.0,
CA22B,"Banting, SELANGOR",Selangor,2.816668,101.623043,63.0,Moderate,2026-05-07 11:00:00,32.0,10.0,0.0,0.0,0.0,0.0,0.0,0.0,0.0,0.0,
CA23N,"Nilai, NEGERI SEMBILAN",Negeri Sembilan,2.821676,101.81153,69.0,Moderate,2026-05-06 19:00:00,25.0,16.0,0.0,0.0,0.0,0.0,0.0,0.0,0.0,0.0,
CA23N,"Nilai, NEGERI SEMBILAN",Negeri Sembilan,2.821676,101.81153,64.0,Moderate,2026-05-07 09:00:00,28.0,3.0,0.0,0.0,0.0,0.0,0.0,0.0,0.0,0.0,
CA23N,"Nilai, NEGERI SEMBILAN",Negeri Sembilan,2.821676,101.81153,65.0,Moderate,2026-05-07 10:00:00,29.0,9.0,0.0,0.0,0.0,0.0,0.0,0.0,0.0,0.0,
CA23N,"Nilai, NEGERI SEMBILAN",Negeri Sembilan,2.821676,101.81153,65.0,Moderate,2026-05-07 11:00:00,31.0,6.0,0.0,0.0,0.0,0.0,0.0,0.0,0.0,0.0,
CA24N,"Seremban, NEGERI SEMBILAN",Negeri Sembilan,2.723441,101.968395,56.0,Moderate,2026-05-06 19:00:00,25.0,16.0,0.0,0.0,0.0,0.0,0.0,0.0,0.0,0.0,
CA24N,"Seremban, NEGERI SEMBILAN",Negeri Sembilan,2.723441,101.968395,52.0,Moderate,2026-05-07 09:00:00,28.0,3.0,0.0,0.0,0.0,0.0,0.0,0.0,0.0,0.0,
CA24N,"Seremban, NEGERI SEMBILAN",Negeri Sembilan,2.723441,101.968395,52.0,Moderate,2026-05-07 10:00:00,29.0,9.0,0.0,0.0,0.0,0.0,0.0,0.0,0.0,0.0,
CA24N,"Seremban, NEGERI SEMBILAN",Negeri Sembilan,2.723441,101.968395,51.0,Moderate,2026-05-07 11:00:00,31.0,6.0,0.0,0.0,0.0,0.0,0.0,0.0,0.0,0.0,
CA25N,"Port Dickson, NEGERI SEMBILAN",Negeri Sembilan,2.441332,101.866829,60.0,Moderate,2026-05-06 19:00:00,25.0,16.0,0.0,0.0,0.0,0.0,0.0,0.0,0.0,0.0,
CA25N,"Port Dickson, NEGERI SEMBILAN",Negeri Sembilan,2.441332,101.866829,51.0,Moderate,2026-05-07 09:00:00,28.0,3.0,0.0,0.0,0.0,0.0,0.0,0.0,0.0,0.0,
CA25N,"Port Dickson, NEGERI SEMBILAN",Negeri Sembilan,2.441332,101.866829,51.0,Moderate,2026-05-07 10:00:00,29.0,9.0,0.0,0.0,0.0,0.0,0.0,0.0,0.0,0.0,
CA25N,"Port Dickson, NEGERI SEMBILAN",Negeri Sembilan,2.441332,101.866829,51.0,Moderate,2026-05-07 11:00:00,31.0,6.0,0.0,0.0,0.0,0.0,0.0,0.0,0.0,0.0,
CA26M,"Alor Gajah, MELAKA",Melaka,2.37091,102.223199,67.0,Moderate,2026-05-06 19:00:00,29.0,9.0,0.0,0.0,0.0,0.0,0.0,0.0,0.0,0.0,
CA26M,"Alor Gajah, MELAKA",Melaka,2.37091,102.223199,52.0,Moderate,2026-05-07 09:00:00,29.0,0.0,0.0,0.0,0.0,0.0,0.0,0.0,0.0,0.0,
CA26M,"Alor Gajah, MELAKA",Melaka,2.37091,102.223199,49.0,Good,2026-05-07 10:00:00,31.0,1.0,0.0,0.0,0.0,0.0,0.0,0.0,0.0,0.0,
CA26M,"Alor Gajah, MELAKA",Melaka,2.37091,102.223199,47.0,Good,2026-05-07 11:00:00,32.0,3.0,0.0,0.0,0.0,0.0,0.0,0.0,0.0,0.0,
CA27M,"Bukit Rambai, MELAKA",Melaka,2.268461,102.193636,78.0,Moderate,2026-05-06 19:00:00,29.0,9.0,0.0,0.0,0.0,0.0,0.0,0.0,0.0,0.0,
CA27M,"Bukit Rambai, MELAKA",Melaka,2.268461,102.193636,53.0,Moderate,2026-05-07 09:00:00,29.0,0.0,0.0,0.0,0.0,0.0,0.0,0.0,0.0,0.0,
CA27M,"Bukit Rambai, MELAKA",Melaka,2.268461,102.193636,53.0,Moderate,2026-05-07 10:00:00,31.0,1.0,0.0,0.0,0.0,0.0,0.0,0.0,0.0,0.0,
CA27M,"Bukit Rambai, MELAKA",Melaka,2.268461,102.193636,53.0,Moderate,2026-05-07 11:00:00,32.0,3.0,0.0,0.0,0.0,0.0,0.0,0.0,0.0,0.0,
CA28M,"Bandaraya Melaka, MELAKA",Melaka,2.190929,102.257066,54.0,Moderate,2026-05-06 19:00:00,29.0,9.0,0.0,0.0,0.0,0.0,0.0,0.0,0.0,0.0,
CA28M,"Bandaraya Melaka, MELAKA",Melaka,2.190929,102.257066,36.0,Good,2026-05-07 09:00:00,29.0,0.0,0.0,0.0,0.0,0.0,0.0,0.0,0.0,0.0,
CA28M,"Bandaraya Melaka, MELAKA",Melaka,2.190929,102.257066,36.0,Good,2026-05-07 10:00:00,31.0,1.0,0.0,0.0,0.0,0.0,0.0,0.0,0.0,0.0,
CA28M,"Bandaraya Melaka, MELAKA",Melaka,2.190929,102.257066,36.0,Good,2026-05-07 11:00:00,32.0,3.0,0.0,0.0,0.0,0.0,0.0,0.0,0.0,0.0,
CA29J,"Segamat, JOHOR",Johor,2.49401,102.863487,39.0,Good,2026-05-06 19:00:00,26.0,0.0,0.0,0.0,0.0,0.0,0.0,0.0,0.0,0.0,
CA29J,"Segamat, JOHOR",Johor,2.49401,102.863487,39.0,Good,2026-05-07 09:00:00,28.0,6.0,0.0,0.0,0.0,0.0,0.0,0.0,0.0,0.0,
CA29J,"Segamat, JOHOR",Johor,2.49401,102.863487,38.0,Good,2026-05-07 10:00:00,30.0,11.0,0.0,0.0,0.0,0.0,0.0,0.0,0.0,0.0,
CA29J,"Segamat, JOHOR",Johor,2.49401,102.863487,37.0,Good,2026-05-07 11:00:00,32.0,13.0,0.0,0.0,0.0,0.0,0.0,0.0,0.0,0.0,
CA31J,"Batu Pahat, JOHOR",Johor,1.919098,102.86584,64.0,Moderate,2026-05-06 19:00:00,26.0,0.0,0.0,0.0,0.0,0.0,0.0,0.0,0.0,0.0,
CA31J,"Batu Pahat, JOHOR",Johor,1.919098,102.86584,53.0,Moderate,2026-05-07 09:00:00,28.0,6.0,0.0,0.0,0.0,0.0,0.0,0.0,0.0,0.0,
CA31J,"Batu Pahat, JOHOR",Johor,1.919098,102.86584,52.0,Moderate,2026-05-07 10:00:00,30.0,11.0,0.0,0.0,0.0,0.0,0.0,0.0,0.0,0.0,
CA31J,"Batu Pahat, JOHOR",Johor,1.919098,102.86584,52.0,Moderate,2026-05-07 11:00:00,32.0,13.0,0.0,0.0,0.0,0.0,0.0,0.0,0.0,0.0,
CA32J,"Kluang, JOHOR",Johor,2.036936,103.312179,49.0,Good,2026-05-06 19:00:00,26.0,0.0,0.0,0.0,0.0,0.0,0.0,0.0,0.0,0.0,
CA32J,"Kluang, JOHOR",Johor,2.036936,103.312179,52.0,Moderate,2026-05-07 09:00:00,28.0,6.0,0.0,0.0,0.0,0.0,0.0,0.0,0.0,0.0,
CA32J,"Kluang, JOHOR",Johor,2.036936,103.312179,52.0,Moderate,2026-05-07 10:00:00,30.0,11.0,0.0,0.0,0.0,0.0,0.0,0.0,0.0,0.0,
CA32J,"Kluang, JOHOR",Johor,2.036936,103.312179,52.0,Moderate,2026-05-07 11:00:00,32.0,13.0,0.0,0.0,0.0,0.0,0.0,0.0,0.0,0.0,
CA33J,"Larkin, JOHOR",Johor,1.494616,103.735922,66.0,Moderate,2026-05-06 19:00:00,26.0,0.0,0.0,0.0,0.0,0.0,0.0,0.0,0.0,0.0,
CA33J,"Larkin, JOHOR",Johor,1.494616,103.735922,70.0,Moderate,2026-05-07 09:00:00,28.0,6.0,0.0,0.0,0.0,0.0,0.0,0.0,0.0,0.0,
CA33J,"Larkin, JOHOR",Johor,1.494616,103.735922,71.0,Moderate,2026-05-07 10:00:00,30.0,11.0,0.0,0.0,0.0,0.0,0.0,0.0,0.0,0.0,
CA33J,"Larkin, JOHOR",Johor,1.494616,103.735922,71.0,Moderate,2026-05-07 11:00:00,32.0,13.0,0.0,0.0,0.0,0.0,0.0,0.0,0.0,0.0,
CA34J,"Pasir Gudang, JOHOR",Johor,1.470121,103.89366,76.0,Moderate,2026-05-06 19:00:00,26.0,0.0,0.0,0.0,0.0,0.0,0.0,0.0,0.0,0.0,
CA34J,"Pasir Gudang, JOHOR",Johor,1.470121,103.89366,91.0,Moderate,2026-05-07 09:00:00,28.0,6.0,0.0,0.0,0.0,0.0,0.0,0.0,0.0,0.0,
CA34J,"Pasir Gudang, JOHOR",Johor,1.470121,103.89366,90.0,Moderate,2026-05-07 10:00:00,30.0,11.0,0.0,0.0,0.0,0.0,0.0,0.0,0.0,0.0,
CA34J,"Pasir Gudang, JOHOR",Johor,1.470121,103.89366,88.0,Moderate,2026-05-07 11:00:00,32.0,13.0,0.0,0.0,0.0,0.0,0.0,0.0,0.0,0.0,
CA35J,"Pengerang, JOHOR",Johor,1.389999,104.14956,55.0,Moderate,2026-05-06 19:00:00,26.0,0.0,0.0,0.0,0.0,0.0,0.0,0.0,0.0,0.0,
CA35J,"Pengerang, JOHOR",Johor,1.389999,104.14956,55.0,Moderate,2026-05-07 09:00:00,28.0,6.0,0.0,0.0,0.0,0.0,0.0,0.0,0.0,0.0,
CA35J,"Pengerang, JOHOR",Johor,1.389999,104.14956,55.0,Moderate,2026-05-07 10:00:00,30.0,11.0,0.0,0.0,0.0,0.0,0.0,0.0,0.0,0.0,
CA35J,"Pengerang, JOHOR",Johor,1.389999,104.14956,55.0,Moderate,2026-05-07 11:00:00,32.0,13.0,0.0,0.0,0.0,0.0,0.0,0.0,0.0,0.0,
CA36J,"Kota Tinggi, JOHOR",Johor,1.564027,104.22533,51.0,Moderate,2026-05-06 19:00:00,26.0,0.0,0.0,0.0,0.0,0.0,0.0,0.0,0.0,0.0,
CA36J,"Kota Tinggi, JOHOR",Johor,1.564027,104.22533,52.0,Moderate,2026-05-07 09:00:00,28.0,6.0,0.0,0.0,0.0,0.0,0.0,0.0,0.0,0.0,
CA36J,"Kota Tinggi, JOHOR",Johor,1.564027,104.22533,52.0,Moderate,2026-05-07 10:00:00,30.0,11.0,0.0,0.0,0.0,0.0,0.0,0.0,0.0,0.0,
CA36J,"Kota Tinggi, JOHOR",Johor,1.564027,104.22533,53.0,Moderate,2026-05-07 11:00:00,32.0,13.0,0.0,0.0,0.0,0.0,0.0,0.0,0.0,0.0,
CA37C,"Rompin, PAHANG",Pahang,2.927699,103.419193,28.0,Good,2026-05-06 19:00:00,30.0,1.0,0.0,0.0,0.0,0.0,0.0,0.0,0.0,0.0,
CA37C,"Rompin, PAHANG",Pahang,2.927699,103.419193,24.0,Good,2026-05-07 09:00:00,29.0,0.0,0.0,0.0,0.0,0.0,0.0,0.0,0.0,0.0,
CA37C,"Rompin, PAHANG",Pahang,2.927699,103.419193,25.0,Good,2026-05-07 10:00:00,31.0,0.0,0.0,0.0,0.0,0.0,0.0,0.0,0.0,0.0,
CA37C,"Rompin, PAHANG",Pahang,2.927699,103.419193,27.0,Good,2026-05-07 11:00:00,32.0,0.0,0.0,0.0,0.0,0.0,0.0,0.0,0.0,0.0,
CA38C,"Temerloh, PAHANG",Pahang,3.470806,102.378663,57.0,Moderate,2026-05-06 19:00:00,30.0,1.0,0.0,0.0,0.0,0.0,0.0,0.0,0.0,0.0,
CA38C,"Temerloh, PAHANG",Pahang,3.470806,102.378663,53.0,Moderate,2026-05-07 09:00:00,29.0,0.0,0.0,0.0,0.0,0.0,0.0,0.0,0.0,0.0,
CA38C,"Temerloh, PAHANG",Pahang,3.470806,102.378663,52.0,Moderate,2026-05-07 10:00:00,31.0,0.0,0.0,0.0,0.0,0.0,0.0,0.0,0.0,0.0,
CA38C,"Temerloh, PAHANG",Pahang,3.470806,102.378663,52.0,Moderate,2026-05-07 11:00:00,32.0,0.0,0.0,0.0,0.0,0.0,0.0,0.0,0.0,0.0,
CA39C,"Jerantut, PAHANG",Pahang,3.948312,102.366683,55.0,Moderate,2026-05-06 19:00:00,30.0,1.0,0.0,0.0,0.0,0.0,0.0,0.0,0.0,0.0,
CA39C,"Jerantut, PAHANG",Pahang,3.948312,102.366683,54.0,Moderate,2026-05-07 09:00:00,29.0,0.0,0.0,0.0,0.0,0.0,0.0,0.0,0.0,0.0,
CA39C,"Jerantut, PAHANG",Pahang,3.948312,102.366683,54.0,Moderate,2026-05-07 10:00:00,31.0,0.0,0.0,0.0,0.0,0.0,0.0,0.0,0.0,0.0,
CA39C,"Jerantut, PAHANG",Pahang,3.948312,102.366683,54.0,Moderate,2026-05-07 11:00:00,32.0,0.0,0.0,0.0,0.0,0.0,0.0,0.0,0.0,0.0,
CA40C,"Indera Mahkota Kuantan, PAHANG",Pahang,3.819228,103.296553,48.0,Good,2026-05-06 19:00:00,30.0,1.0,0.0,0.0,0.0,0.0,0.0,0.0,0.0,0.0,
CA40C,"Indera Mahkota Kuantan, PAHANG",Pahang,3.819228,103.296553,52.0,Moderate,2026-05-07 09:00:00,29.0,0.0,0.0,0.0,0.0,0.0,0.0,0.0,0.0,0.0,
CA40C,"Indera Mahkota Kuantan, PAHANG",Pahang,3.819228,103.296553,52.0,Moderate,2026-05-07 10:00:00,31.0,0.0,0.0,0.0,0.0,0.0,0.0,0.0,0.0,0.0,
CA40C,"Indera Mahkota Kuantan, PAHANG",Pahang,3.819228,103.296553,52.0,Moderate,2026-05-07 11:00:00,32.0,0.0,0.0,0.0,0.0,0.0,0.0,0.0,0.0,0.0,
CA41C,"Balok Baru Kuantan, PAHANG",Pahang,3.960669,103.382182,59.0,Moderate,2026-05-06 19:00:00,30.0,1.0,0.0,0.0,0.0,0.0,0.0,0.0,0.0,0.0,
CA41C,"Balok Baru Kuantan, PAHANG",Pahang,3.960669,103.382182,55.0,Moderate,2026-05-07 09:00:00,29.0,0.0,0.0,0.0,0.0,0.0,0.0,0.0,0.0,0.0,
CA41C,"Balok Baru Kuantan, PAHANG",Pahang,3.960669,103.382182,56.0,Moderate,2026-05-07 10:00:00,31.0,0.0,0.0,0.0,0.0,0.0,0.0,0.0,0.0,0.0,
CA41C,"Balok Baru Kuantan, PAHANG",Pahang,3.960669,103.382182,54.0,Moderate,2026-05-07 11:00:00,32.0,0.0,0.0,0.0,0.0,0.0,0.0,0.0,0.0,0.0,
CA42T,"Kemaman, TERENGGANU",Terengganu,4.26215,103.425839,44.0,Good,2026-05-06 19:00:00,31.0,0.0,0.0,0.0,0.0,0.0,0.0,0.0,0.0,0.0,
CA42T,"Kemaman, TERENGGANU",Terengganu,4.26215,103.425839,37.0,Good,2026-05-07 09:00:00,30.0,2.0,0.0,0.0,0.0,0.0,0.0,0.0,0.0,0.0,
CA42T,"Kemaman, TERENGGANU",Terengganu,4.26215,103.425839,36.0,Good,2026-05-07 10:00:00,31.0,0.0,0.0,0.0,0.0,0.0,0.0,0.0,0.0,0.0,
CA42T,"Kemaman, TERENGGANU",Terengganu,4.26215,103.425839,36.0,Good,2026-05-07 11:00:00,33.0,0.0,0.0,0.0,0.0,0.0,0.0,0.0,0.0,0.0,
CA43T,"Paka, TERENGGANU",Terengganu,4.598131,103.434793,78.0,Moderate,2026-05-06 19:00:00,31.0,0.0,0.0,0.0,0.0,0.0,0.0,0.0,0.0,0.0,
CA43T,"Paka, TERENGGANU",Terengganu,4.598131,103.434793,48.0,Good,2026-05-07 09:00:00,30.0,2.0,0.0,0.0,0.0,0.0,0.0,0.0,0.0,0.0,
CA43T,"Paka, TERENGGANU",Terengganu,4.598131,103.434793,48.0,Good,2026-05-07 10:00:00,31.0,0.0,0.0,0.0,0.0,0.0,0.0,0.0,0.0,0.0,
CA43T,"Paka, TERENGGANU",Terengganu,4.598131,103.434793,49.0,Good,2026-05-07 11:00:00,33.0,0.0,0.0,0.0,0.0,0.0,0.0,0.0,0.0,0.0,
CA44T,"Kuala Terengganu, TERENGGANU",Terengganu,5.308144,103.120435,49.0,Good,2026-05-06 19:00:00,31.0,0.0,0.0,0.0,0.0,0.0,0.0,0.0,0.0,0.0,
CA44T,"Kuala Terengganu, TERENGGANU",Terengganu,5.308144,103.120435,37.0,Good,2026-05-07 09:00:00,30.0,2.0,0.0,0.0,0.0,0.0,0.0,0.0,0.0,0.0,
CA44T,"Kuala Terengganu, TERENGGANU",Terengganu,5.308144,103.120435,35.0,Good,2026-05-07 10:00:00,31.0,0.0,0.0,0.0,0.0,0.0,0.0,0.0,0.0,0.0,
CA44T,"Kuala Terengganu, TERENGGANU",Terengganu,5.308144,103.120435,35.0,Good,2026-05-07 11:00:00,33.0,0.0,0.0,0.0,0.0,0.0,0.0,0.0,0.0,0.0,
CA45T,"Besut, TERENGGANU",Terengganu,5.743342,102.513478,48.0,Good,2026-05-07 09:00:00,30.0,2.0,0.0,0.0,0.0,0.0,0.0,0.0,0.0,0.0,
CA45T,"Besut, TERENGGANU",Terengganu,5.743342,102.513478,48.0,Good,2026-05-07 10:00:00,31.0,0.0,0.0,0.0,0.0,0.0,0.0,0.0,0.0,0.0,
CA45T,"Besut, TERENGGANU",Terengganu,5.743342,102.513478,47.0,Good,2026-05-07 11:00:00,33.0,0.0,0.0,0.0,0.0,0.0,0.0,0.0,0.0,0.0,
CA45T,"Besut, TERENGGANU",Terengganu,5.743342,102.513478,,,,,,0.0,0.0,0.0,0.0,0.0,0.0,0.0,0.0,
CA46D,"Tanah Merah, KELANTAN",Kelantan,5.811251,102.134517,55.0,Moderate,2026-05-06 19:00:00,31.0,2.0,0.0,0.0,0.0,0.0,0.0,0.0,0.0,0.0,
CA46D,"Tanah Merah, KELANTAN",Kelantan,5.811251,102.134517,58.0,Moderate,2026-05-07 09:00:00,31.0,0.0,0.0,0.0,0.0,0.0,0.0,0.0,0.0,0.0,
CA46D,"Tanah Merah, KELANTAN",Kelantan,5.811251,102.134517,58.0,Moderate,2026-05-07 10:00:00,32.0,0.0,0.0,0.0,0.0,0.0,0.0,0.0,0.0,0.0,
CA46D,"Tanah Merah, KELANTAN",Kelantan,5.811251,102.134517,58.0,Moderate,2026-05-07 11:00:00,34.0,0.0,0.0,0.0,0.0,0.0,0.0,0.0,0.0,0.0,
CA47D,"Kota Bharu, KELANTAN",Kelantan,6.147439,102.249233,59.0,Moderate,2026-05-06 19:00:00,31.0,2.0,0.0,0.0,0.0,0.0,0.0,0.0,0.0,0.0,
CA47D,"Kota Bharu, KELANTAN",Kelantan,6.147439,102.249233,54.0,Moderate,2026-05-07 09:00:00,31.0,0.0,0.0,0.0,0.0,0.0,0.0,0.0,0.0,0.0,
CA47D,"Kota Bharu, KELANTAN",Kelantan,6.147439,102.249233,54.0,Moderate,2026-05-07 10:00:00,32.0,0.0,0.0,0.0,0.0,0.0,0.0,0.0,0.0,0.0,
CA47D,"Kota Bharu, KELANTAN",Kelantan,6.147439,102.249233,53.0,Moderate,2026-05-07 11:00:00,34.0,0.0,0.0,0.0,0.0,0.0,0.0,0.0,0.0,0.0,
CA48S,"Tawau, SABAH",Sabah,4.249853,117.935858,35.0,Good,2026-05-06 19:00:00,28.0,7.0,0.0,0.0,0.0,0.0,0.0,0.0,0.0,0.0,
CA48S,"Tawau, SABAH",Sabah,4.249853,117.935858,37.0,Good,2026-05-07 09:00:00,30.0,0.0,0.0,0.0,0.0,0.0,0.0,0.0,0.0,0.0,
CA48S,"Tawau, SABAH",Sabah,4.249853,117.935858,37.0,Good,2026-05-07 10:00:00,31.0,0.0,0.0,0.0,0.0,0.0,0.0,0.0,0.0,0.0,
CA48S,"Tawau, SABAH",Sabah,4.249853,117.935858,36.0,Good,2026-05-07 11:00:00,31.0,0.0,0.0,0.0,0.0,0.0,0.0,0.0,0.0,0.0,
CA49S,"Sandakan, SABAH",Sabah,5.864474,118.091062,31.0,Good,2026-05-06 19:00:00,28.0,7.0,0.0,0.0,0.0,0.0,0.0,0.0,0.0,0.0,
CA49S,"Sandakan, SABAH",Sabah,5.864474,118.091062,31.0,Good,2026-05-07 09:00:00,30.0,0.0,0.0,0.0,0.0,0.0,0.0,0.0,0.0,0.0,
CA49S,"Sandakan, SABAH",Sabah,5.864474,118.091062,30.0,Good,2026-05-07 10:00:00,31.0,0.0,0.0,0.0,0.0,0.0,0.0,0.0,0.0,0.0,
CA49S,"Sandakan, SABAH",Sabah,5.864474,118.091062,30.0,Good,2026-05-07 11:00:00,31.0,0.0,0.0,0.0,0.0,0.0,0.0,0.0,0.0,0.0,
CA50S,"Kota Kinabalu, SABAH",Sabah,5.879672,116.056388,31.0,Good,2026-05-06 19:00:00,28.0,7.0,0.0,0.0,0.0,0.0,0.0,0.0,0.0,0.0,
CA50S,"Kota Kinabalu, SABAH",Sabah,5.879672,116.056388,39.0,Good,2026-05-07 09:00:00,30.0,0.0,0.0,0.0,0.0,0.0,0.0,0.0,0.0,0.0,
CA50S,"Kota Kinabalu, SABAH",Sabah,5.879672,116.056388,39.0,Good,2026-05-07 10:00:00,31.0,0.0,0.0,0.0,0.0,0.0,0.0,0.0,0.0,0.0,
CA50S,"Kota Kinabalu, SABAH",Sabah,5.879672,116.056388,39.0,Good,2026-05-07 11:00:00,31.0,0.0,0.0,0.0,0.0,0.0,0.0,0.0,0.0,0.0,
CA51S,"Kimanis, SABAH",Sabah,5.597719,115.88833,28.0,Good,2026-05-06 19:00:00,28.0,7.0,0.0,0.0,0.0,0.0,0.0,0.0,0.0,0.0,
CA51S,"Kimanis, SABAH",Sabah,5.597719,115.88833,31.0,Good,2026-05-07 09:00:00,30.0,0.0,0.0,0.0,0.0,0.0,0.0,0.0,0.0,0.0,
CA51S,"Kimanis, SABAH",Sabah,5.597719,115.88833,31.0,Good,2026-05-07 10:00:00,31.0,0.0,0.0,0.0,0.0,0.0,0.0,0.0,0.0,0.0,
CA51S,"Kimanis, SABAH",Sabah,5.597719,115.88833,31.0,Good,2026-05-07 11:00:00,31.0,0.0,0.0,0.0,0.0,0.0,0.0,0.0,0.0,0.0,
CA52S,"Keningau, SABAH",Sabah,5.339426,116.163683,35.0,Good,2026-05-06 19:00:00,28.0,7.0,0.0,0.0,0.0,0.0,0.0,0.0,0.0,0.0,
CA52S,"Keningau, SABAH",Sabah,5.339426,116.163683,24.0,Good,2026-05-07 09:00:00,30.0,0.0,0.0,0.0,0.0,0.0,0.0,0.0,0.0,0.0,
CA52S,"Keningau, SABAH",Sabah,5.339426,116.163683,25.0,Good,2026-05-07 10:00:00,31.0,0.0,0.0,0.0,0.0,0.0,0.0,0.0,0.0,0.0,
CA52S,"Keningau, SABAH",Sabah,5.339426,116.163683,25.0,Good,2026-05-07 11:00:00,31.0,0.0,0.0,0.0,0.0,0.0,0.0,0.0,0.0,0.0,
CA53L,"Labuan, W.P. LABUAN",WP Labuan,5.298106,115.232276,43.0,Good,2026-05-06 19:00:00,29.0,0.0,0.0,0.0,0.0,0.0,0.0,0.0,0.0,0.0,
CA53L,"Labuan, W.P. LABUAN",WP Labuan,5.298106,115.232276,31.0,Good,2026-05-07 09:00:00,29.0,0.0,0.0,0.0,0.0,0.0,0.0,0.0,0.0,0.0,
CA53L,"Labuan, W.P. LABUAN",WP Labuan,5.298106,115.232276,32.0,Good,2026-05-07 10:00:00,29.0,0.0,0.0,0.0,0.0,0.0,0.0,0.0,0.0,0.0,
CA53L,"Labuan, W.P. LABUAN",WP Labuan,5.298106,115.232276,32.0,Good,2026-05-07 11:00:00,30.0,0.0,0.0,0.0,0.0,0.0,0.0,0.0,0.0,0.0,
CA54Q,"Limbang, SARAWAK",Sarawak,4.758824,115.01366,24.0,Good,2026-05-06 19:00:00,29.0,0.0,0.0,0.0,0.0,0.0,0.0,0.0,0.0,0.0,
CA54Q,"Limbang, SARAWAK",Sarawak,4.758824,115.01366,24.0,Good,2026-05-07 09:00:00,27.0,6.0,0.0,0.0,0.0,0.0,0.0,0.0,0.0,0.0,
CA54Q,"Limbang, SARAWAK",Sarawak,4.758824,115.01366,24.0,Good,2026-05-07 10:00:00,29.0,3.0,0.0,0.0,0.0,0.0,0.0,0.0,0.0,0.0,
CA54Q,"Limbang, SARAWAK",Sarawak,4.758824,115.01366,24.0,Good,2026-05-07 11:00:00,30.0,6.0,0.0,0.0,0.0,0.0,0.0,0.0,0.0,0.0,
CA55Q,"ILP Miri, SARAWAK",Sarawak,4.49474,114.043375,35.0,Good,2026-05-06 19:00:00,29.0,0.0,0.0,0.0,0.0,0.0,0.0,0.0,0.0,0.0,
CA55Q,"ILP Miri, SARAWAK",Sarawak,4.49474,114.043375,26.0,Good,2026-05-07 09:00:00,27.0,6.0,0.0,0.0,0.0,0.0,0.0,0.0,0.0,0.0,
CA55Q,"ILP Miri, SARAWAK",Sarawak,4.49474,114.043375,26.0,Good,2026-05-07 10:00:00,29.0,3.0,0.0,0.0,0.0,0.0,0.0,0.0,0.0,0.0,
CA55Q,"ILP Miri, SARAWAK",Sarawak,4.49474,114.043375,26.0,Good,2026-05-07 11:00:00,30.0,6.0,0.0,0.0,0.0,0.0,0.0,0.0,0.0,0.0,
CA56Q,"Miri, SARAWAK",Sarawak,4.424563,114.012368,52.0,Moderate,2026-05-06 19:00:00,29.0,0.0,0.0,0.0,0.0,0.0,0.0,0.0,0.0,0.0,
CA56Q,"Miri, SARAWAK",Sarawak,4.424563,114.012368,41.0,Good,2026-05-07 09:00:00,27.0,6.0,0.0,0.0,0.0,0.0,0.0,0.0,0.0,0.0,
CA56Q,"Miri, SARAWAK",Sarawak,4.424563,114.012368,42.0,Good,2026-05-07 10:00:00,29.0,3.0,0.0,0.0,0.0,0.0,0.0,0.0,0.0,0.0,
CA56Q,"Miri, SARAWAK",Sarawak,4.424563,114.012368,41.0,Good,2026-05-07 11:00:00,30.0,6.0,0.0,0.0,0.0,0.0,0.0,0.0,0.0,0.0,
CA57Q,"Samalaju, SARAWAK",Sarawak,3.532722,113.325812,48.0,Good,2026-05-06 19:00:00,29.0,0.0,0.0,0.0,0.0,0.0,0.0,0.0,0.0,0.0,
CA57Q,"Samalaju, SARAWAK",Sarawak,3.532722,113.325812,43.0,Good,2026-05-07 09:00:00,27.0,6.0,0.0,0.0,0.0,0.0,0.0,0.0,0.0,0.0,
CA57Q,"Samalaju, SARAWAK",Sarawak,3.532722,113.325812,44.0,Good,2026-05-07 10:00:00,29.0,3.0,0.0,0.0,0.0,0.0,0.0,0.0,0.0,0.0,
CA57Q,"Samalaju, SARAWAK",Sarawak,3.532722,113.325812,45.0,Good,2026-05-07 11:00:00,30.0,6.0,0.0,0.0,0.0,0.0,0.0,0.0,0.0,0.0,
CA58Q,"Bintulu, SARAWAK",Sarawak,3.177155,113.041171,35.0,Good,2026-05-06 19:00:00,29.0,0.0,0.0,0.0,0.0,0.0,0.0,0.0,0.0,0.0,
CA58Q,"Bintulu, SARAWAK",Sarawak,3.177155,113.041171,41.0,Good,2026-05-07 09:00:00,27.0,6.0,0.0,0.0,0.0,0.0,0.0,0.0,0.0,0.0,
CA58Q,"Bintulu, SARAWAK",Sarawak,3.177155,113.041171,43.0,Good,2026-05-07 10:00:00,29.0,3.0,0.0,0.0,0.0,0.0,0.0,0.0,0.0,0.0,
CA58Q,"Bintulu, SARAWAK",Sarawak,3.177155,113.041171,45.0,Good,2026-05-07 11:00:00,30.0,6.0,0.0,0.0,0.0,0.0,0.0,0.0,0.0,0.0,
CA59Q,"Mukah, SARAWAK",Sarawak,2.870617,112.019994,38.0,Good,2026-05-07 09:00:00,27.0,6.0,0.0,0.0,0.0,0.0,0.0,0.0,0.0,0.0,
CA59Q,"Mukah, SARAWAK",Sarawak,2.870617,112.019994,38.0,Good,2026-05-07 10:00:00,29.0,3.0,0.0,0.0,0.0,0.0,0.0,0.0,0.0,0.0,
CA59Q,"Mukah, SARAWAK",Sarawak,2.870617,112.019994,38.0,Good,2026-05-07 11:00:00,30.0,6.0,0.0,0.0,0.0,0.0,0.0,0.0,0.0,0.0,
CA59Q,"Mukah, SARAWAK",Sarawak,2.870617,112.019994,,,,,,0.0,0.0,0.0,0.0,0.0,0.0,0.0,0.0,
CA60Q,"Kapit, SARAWAK",Sarawak,2.014548,112.927323,23.0,Good,2026-05-06 19:00:00,29.0,0.0,0.0,0.0,0.0,0.0,0.0,0.0,0.0,0.0,
CA60Q,"Kapit, SARAWAK",Sarawak,2.014548,112.927323,17.0,Good,2026-05-07 09:00:00,27.0,6.0,0.0,0.0,0.0,0.0,0.0,0.0,0.0,0.0,
CA60Q,"Kapit, SARAWAK",Sarawak,2.014548,112.927323,17.0,Good,2026-05-07 10:00:00,29.0,3.0,0.0,0.0,0.0,0.0,0.0,0.0,0.0,0.0,
CA60Q,"Kapit, SARAWAK",Sarawak,2.014548,112.927323,17.0,Good,2026-05-07 11:00:00,30.0,6.0,0.0,0.0,0.0,0.0,0.0,0.0,0.0,0.0,
CA61Q,"Sibu, SARAWAK",Sarawak,2.314322,111.831933,35.0,Good,2026-05-06 19:00:00,29.0,0.0,0.0,0.0,0.0,0.0,0.0,0.0,0.0,0.0,
CA61Q,"Sibu, SARAWAK",Sarawak,2.314322,111.831933,28.0,Good,2026-05-07 09:00:00,27.0,6.0,0.0,0.0,0.0,0.0,0.0,0.0,0.0,0.0,
CA61Q,"Sibu, SARAWAK",Sarawak,2.314322,111.831933,28.0,Good,2026-05-07 10:00:00,29.0,3.0,0.0,0.0,0.0,0.0,0.0,0.0,0.0,0.0,
CA61Q,"Sibu, SARAWAK",Sarawak,2.314322,111.831933,27.0,Good,2026-05-07 11:00:00,30.0,6.0,0.0,0.0,0.0,0.0,0.0,0.0,0.0,0.0,
CA62Q,"Sarikei, SARAWAK",Sarawak,2.132909,111.522885,22.0,Good,2026-05-06 19:00:00,29.0,0.0,0.0,0.0,0.0,0.0,0.0,0.0,0.0,0.0,
CA62Q,"Sarikei, SARAWAK",Sarawak,2.132909,111.522885,21.0,Good,2026-05-07 09:00:00,27.0,6.0,0.0,0.0,0.0,0.0,0.0,0.0,0.0,0.0,
CA62Q,"Sarikei, SARAWAK",Sarawak,2.132909,111.522885,20.0,Good,2026-05-07 10:00:00,29.0,3.0,0.0,0.0,0.0,0.0,0.0,0.0,0.0,0.0,
CA62Q,"Sarikei, SARAWAK",Sarawak,2.132909,111.522885,20.0,Good,2026-05-07 11:00:00,30.0,6.0,0.0,0.0,0.0,0.0,0.0,0.0,0.0,0.0,
CA63Q,"Sri Aman, SARAWAK",Sarawak,1.219718,111.464871,29.0,Good,2026-05-06 19:00:00,29.0,0.0,0.0,0.0,0.0,0.0,0.0,0.0,0.0,0.0,
CA63Q,"Sri Aman, SARAWAK",Sarawak,1.219718,111.464871,19.0,Good,2026-05-07 09:00:00,27.0,6.0,0.0,0.0,0.0,0.0,0.0,0.0,0.0,0.0,
CA63Q,"Sri Aman, SARAWAK",Sarawak,1.219718,111.464871,19.0,Good,2026-05-07 10:00:00,29.0,3.0,0.0,0.0,0.0,0.0,0.0,0.0,0.0,0.0,
CA63Q,"Sri Aman, SARAWAK",Sarawak,1.219718,111.464871,20.0,Good,2026-05-07 11:00:00,30.0,6.0,0.0,0.0,0.0,0.0,0.0,0.0,0.0,0.0,
CA64Q,"Samarahan, SARAWAK",Sarawak,1.454806,110.491506,24.0,Good,2026-05-06 19:00:00,29.0,0.0,0.0,0.0,0.0,0.0,0.0,0.0,0.0,0.0,
CA64Q,"Samarahan, SARAWAK",Sarawak,1.454806,110.491506,25.0,Good,2026-05-07 09:00:00,27.0,6.0,0.0,0.0,0.0,0.0,0.0,0.0,0.0,0.0,
CA64Q,"Samarahan, SARAWAK",Sarawak,1.454806,110.491506,25.0,Good,2026-05-07 10:00:00,29.0,3.0,0.0,0.0,0.0,0.0,0.0,0.0,0.0,0.0,
CA64Q,"Samarahan, SARAWAK",Sarawak,1.454806,110.491506,25.0,Good,2026-05-07 11:00:00,30.0,6.0,0.0,0.0,0.0,0.0,0.0,0.0,0.0,0.0,
CA65Q,"Kuching, SARAWAK",Sarawak,1.562167,110.388916,22.0,Good,2026-05-06 19:00:00,29.0,0.0,0.0,0.0,0.0,0.0,0.0,0.0,0.0,0.0,
CA65Q,"Kuching, SARAWAK",Sarawak,1.562167,110.388916,23.0,Good,2026-05-07 09:00:00,27.0,6.0,0.0,0.0,0.0,0.0,0.0,0.0,0.0,0.0,
CA65Q,"Kuching, SARAWAK",Sarawak,1.562167,110.388916,22.0,Good,2026-05-07 10:00:00,29.0,3.0,0.0,0.0,0.0,0.0,0.0,0.0,0.0,0.0,
CA65Q,"Kuching, SARAWAK",Sarawak,1.562167,110.388916,22.0,Good,2026-05-07 11:00:00,30.0,6.0,0.0,0.0,0.0,0.0,0.0,0.0,0.0,0.0,
CA66J,"Tangkak, JOHOR",Johor,2.295748,102.571313,61.0,Moderate,2026-05-06 19:00:00,26.0,0.0,0.0,0.0,0.0,0.0,0.0,0.0,0.0,0.0,
CA66J,"Tangkak, JOHOR",Johor,2.295748,102.571313,46.0,Good,2026-05-07 09:00:00,28.0,6.0,0.0,0.0,0.0,0.0,0.0,0.0,0.0,0.0,
CA66J,"Tangkak, JOHOR",Johor,2.295748,102.571313,44.0,Good,2026-05-07 10:00:00,30.0,11.0,0.0,0.0,0.0,0.0,0.0,0.0,0.0,0.0,
CA66J,"Tangkak, JOHOR",Johor,2.295748,102.571313,43.0,Good,2026-05-07 11:00:00,32.0,13.0,0.0,0.0,0.0,0.0,0.0,0.0,0.0,0.0,
MCAQM001,JOHAN SETIA,Selangor,2.978311,101.489422,81.0,Moderate,2026-05-06 19:00:00,26.0,8.0,0.0,0.0,0.0,0.0,0.0,0.0,0.0,0.0,
MCAQM001,JOHAN SETIA,Selangor,2.978311,101.489422,75.0,Moderate,2026-05-07 09:00:00,29.0,7.0,0.0,0.0,0.0,0.0,0.0,0.0,0.0,0.0,
MCAQM001,JOHAN SETIA,Selangor,2.978311,101.489422,74.0,Moderate,2026-05-07 10:00:00,31.0,10.0,0.0,0.0,0.0,0.0,0.0,0.0,0.0,0.0,
MCAQM001,JOHAN SETIA,Selangor,2.978311,101.489422,73.0,Moderate,2026-05-07 11:00:00,32.0,10.0,0.0,0.0,0.0,0.0,0.0,0.0,0.0,0.0,
MCAQM002,IPD Serian,Sarawak,1.172556,110.568164,63.0,Moderate,2026-05-06 19:00:00,29.0,0.0,0.0,0.0,0.0,0.0,0.0,0.0,0.0,0.0,
MCAQM002,IPD Serian,Sarawak,1.172556,110.568164,53.0,Moderate,2026-05-07 09:00:00,27.0,6.0,0.0,0.0,0.0,0.0,0.0,0.0,0.0,0.0,
MCAQM002,IPD Serian,Sarawak,1.172556,110.568164,52.0,Moderate,2026-05-07 10:00:00,29.0,3.0,0.0,0.0,0.0,0.0,0.0,0.0,0.0,0.0,
MCAQM002,IPD Serian,Sarawak,1.172556,110.568164,52.0,Moderate,2026-05-07 11:00:00,30.0,6.0,0.0,0.0,0.0,0.0,0.0,0.0,0.0,0.0,
MCAQM003,Politeknik Kota Kinabalu,Sabah,6.097122,116.166454,53.0,Moderate,2026-05-06 19:00:00,28.0,7.0,0.0,0.0,0.0,0.0,0.0,0.0,0.0,0.0,
MCAQM003,Politeknik Kota Kinabalu,Sabah,6.097122,116.166454,58.0,Moderate,2026-05-07 09:00:00,30.0,0.0,0.0,0.0,0.0,0.0,0.0,0.0,0.0,0.0,
MCAQM003,Politeknik Kota Kinabalu,Sabah,6.097122,116.166454,57.0,Moderate,2026-05-07 10:00:00,31.0,0.0,0.0,0.0,0.0,0.0,0.0,0.0,0.0,0.0,
MCAQM003,Politeknik Kota Kinabalu,Sabah,6.097122,116.166454,57.0,Moderate,2026-05-07 11:00:00,31.0,0.0,0.0,0.0,0.0,0.0,0.0,0.0,0.0,0.0,
